{"models": [{"objFile": "/uploads/24-11-18_18-23-53/full_body.obj", "mtlFile": "/uploads/24-11-18_18-23-53/full_body.mtl", "textureFile": "/uploads/24-11-18_18-23-53/full_body.jpg", "position": {"x": -5.451021616843875e-07, "y": 0.5160938687726507, "z": 0.005216533997885548}, "rotation": {"x": 0, "y": 0, "z": 0}, "scale": {"x": 1.1431620885807365, "y": 1.1431620885807365, "z": 1.1431620885807365}}, {"objFile": "/uploads/24-11-18_18-23-58/full_body.obj", "mtlFile": "/uploads/24-11-18_18-23-58/full_body.mtl", "textureFile": "/uploads/24-11-18_18-23-58/full_body.jpg", "position": {"x": 0.4999994548978383, "y": 0.5160938687726507, "z": 0.005216533997885548}, "rotation": {"x": 0, "y": 0, "z": 0}, "scale": {"x": 1.1431620885807365, "y": 1.1431620885807365, "z": 1.1431620885807365}}], "camera": {"position": {"x": 0, "y": 2, "z": 5}, "rotation": {"x": -0.3805063771123649, "y": 0, "z": 0}}, "settings": {"wireframe": false, "brightness": "100"}}